,control_users,treatment_users,control_conversions,treatment_conversions,control_rate,treatment_rate,relative_improvement,absolute_difference,p_value,chi2_statistic,is_significant,confidence_interval,effect_size,statistical_power
Homepage_Redesign,1000,1000,124,165,0.124,0.165,0.3306451612903227,0.04100000000000001,0.010962057395937046,6.471457837441023,True,"(np.float64(0.010233680779137725), np.float64(0.0717663192208623))",0.11680982790429942,0.5584049139521498
Checkout_Flow,1000,1000,90,121,0.09,0.121,0.34444444444444444,0.031,0.028985453131012376,4.768477186810392,True,"(np.float64(0.004107328611683073), np.float64(0.05789267138831693))",0.10104127503815842,0.5505206375190792
Email_Campaign,1000,1000,44,59,0.044,0.059,0.34090909090909094,0.015,0.1566538072164098,2.0062336545695554,False,"(np.float64(-0.004361685174591595), np.float64(0.034361685174591594))",0.06790772388424657,0.5339538619421232
Product_Page,1000,1000,194,243,0.194,0.243,0.2525773195876288,0.04899999999999999,0.009393706083385148,6.746399504561286,True,"(np.float64(0.012842647995186363), np.float64(0.08515735200481361))",0.11878744247116871,0.5593937212355844
Mobile_App,1000,1000,148,139,0.148,0.139,-0.06081081081081068,-0.00899999999999998,0.6098743998777354,0.26035787002853766,False,"(np.float64(-0.03972733701445667), np.float64(0.02172733701445671))",0.025673711395516226,0.5128368556977582
