stage,user_id,session_value,stage_order,conversion_rate,drop_off_rate,stage_conversion
Landing Page View,100000,275.6247400946412,0,1.0,0.0,1.0
Product Page View,63385,275.77840210704943,1,0.63385,0.36615,0.63385
Add to Cart,20856,276.789648459703,2,0.20856,0.79144,0.32903683836869924
Checkout Started,18158,276.9725834871524,3,0.18158,0.81842,0.8706367472190257
Payment Info,17116,276.1574964223721,4,0.17116,0.82884,0.9426148254213019
Purchase Complete,15903,276.24332196605724,5,0.15903,0.84097,0.9291306379995325
